accuracy,model_name,elapsed_time
0.8443434343434344,bs_220_dkp_0.695_lr_0.027725849640232312_ls_450,61.5434033870697
