accuracy,model_name,elapsed_time
0.827008032128514,"bs_60_dkp_0.118_lr_0.005458480402081974_ls_250,100",58.53793478012085
